{
  "management": {
    "quarters": [
      "Q1_2025",
      "Q2_2025",
      "Q3_2025",
      "Q4_2025"
    ],
    "positive": [
      0.47591161669185855,
      0.43913247793593213,
      0.3784865051984378,
      0.42730147858960815
    ],
    "neutral": [
      0.03857644621340384,
      0.015983534099563178,
      0.08608583029693154,
      0.036015056455472816
    ],
    "negative": [
      0.4855119370947377,
      0.5448839879645048,
      0.5354276645046308,
      0.536683464954919
    ],
    "net_sentiment": [
      -0.009600320329459844,
      -0.10575150782242415,
      -0.15694115661262054,
      -0.10938198661998566
    ]
  },
  "qa": {
    "quarters": [
      "Q1_2025",
      "Q2_2025",
      "Q3_2025",
      "Q4_2025"
    ],
    "positive": [
      0.802608661388533,
      0.7494183828015593,
      0.7713475895681483,
      0.8289558021826305
    ],
    "neutral": [
      0.034387261250365626,
      0.039644042339569675,
      0.03525300194059161,
      0.02399838105887638
    ],
    "negative": [
      0.16300407736110142,
      0.2109375748588709,
      0.19339940849126003,
      0.14704581675849304
    ],
    "net_sentiment": [
      0.6396045845933258,
      0.5384808141738177,
      0.5779481871053576,
      0.6819099873770029
    ]
  }
}